项目类型,项目编号,项目名称
设计,20058444,NOTFOUND
设计,20058140,NOTFOUND
设计,20058618,NOTFOUND
设计,20058779,NOTFOUND
设计,20057936,NOTFOUND
设计,20058797,NOTFOUND
设计,20054733,NOTFOUND
设计,20058299,NOTFOUND
设计,20058393,NOTFOUND
设计,20058320,NOTFOUND
设计,20048392,NOTFOUND
设计,20057907,NOTFOUND
设计,20058360,NOTFOUND
设计,20058508,NOTFOUND
设计,20057733,NOTFOUND
设计,20057348,NOTFOUND
设计,20057413,NOTFOUND
设计,20055634,NOTFOUND
设计,20058463,NOTFOUND
设计,20056716,NOTFOUND
设计,20057012,NOTFOUND
设计,20058057,NOTFOUND
设计,20057656,NOTFOUND
设计,20054923,NOTFOUND
设计,20057200,NOTFOUND
设计,20057038,NOTFOUND
设计,20057771,NOTFOUND
设计,20056354,NOTFOUND
设计,20058001,NOTFOUND
设计,20057549,NOTFOUND
设计,20056217,NOTFOUND
设计,20057190,NOTFOUND
设计,20057715,NOTFOUND
设计,20057607,NOTFOUND
设计,20057395,NOTFOUND
设计,20055480,NOTFOUND
设计,20057399,NOTFOUND
设计,20056167,NOTFOUND
设计,20056675,NOTFOUND
设计,20057044,NOTFOUND
